sku_id,item_name,unit_price
LIN-EQUIP-1043,Industrial Component v3,1413.43
LIN-EQUIP-1005,Industrial Component v3,1372.3
LIN-EQUIP-1083,[UPDATED] Modified Variant Data,7006.05
LIN-EQUIP-1085,Industrial Component v1,968.89
LIN-EQUIP-1077,Industrial Component v4,1036.18
LIN-EQUIP-1012,Industrial Component v1,749.98
LIN-EQUIP-1031,Industrial Component v2,2127.52
LIN-EQUIP-1001,Industrial Component v4,1589.37
LIN-EQUIP-1018,Industrial Component v4,804.66
LIN-EQUIP-1019,Industrial Component v2,845.81
LIN-EQUIP-1094,Industrial Component v3,958.02
LIN-EQUIP-1020,Industrial Component v2,1805.17
LIN-EQUIP-1057,Industrial Component v1,1932.77
LIN-EQUIP-1061,Industrial Component v4,1725.44
LIN-EQUIP-1086,Industrial Component v1,832.5
LIN-EQUIP-1040,Industrial Component v5,556.67
LIN-EQUIP-1021,Industrial Component v1,1047.92
LIN-EQUIP-1008,Industrial Component v3,2167.75
LIN-EQUIP-1083,Industrial Component v2,68.63
LIN-EQUIP-1025,Industrial Component v5,1302.23
LIN-EQUIP-1080,Industrial Component v4,327.66
LIN-EQUIP-1004,Industrial Component v4,627.07
LIN-EQUIP-1013,Industrial Component v3,106.25
LIN-EQUIP-1010,Industrial Component v1,2340.49
LIN-EQUIP-1078,Industrial Component v1,868.82
LIN-EQUIP-1033,Industrial Component v4,1008.93
LIN-EQUIP-1024,Industrial Component v2,1603.39
LIN-EQUIP-1092,Industrial Component v3,596.08
LIN-EQUIP-1068,Industrial Component v1,977.69
LIN-EQUIP-1053,Industrial Component v1,1082.24
LIN-EQUIP-1014,Industrial Component v5,987.18
LIN-EQUIP-1056,Industrial Component v5,1276.2
LIN-EQUIP-1006,Industrial Component v3,1892.26
LIN-EQUIP-1029,Industrial Component v2,807.71
LIN-EQUIP-1093,Industrial Component v3,1066.14
LIN-EQUIP-1030,Industrial Component v5,2297.02
LIN-EQUIP-1076,Industrial Component v4,2117.08
LIN-EQUIP-1047,Industrial Component v4,365.81
LIN-EQUIP-1070,Industrial Component v1,2353.94
LIN-EQUIP-1099,Industrial Component v5,1437.58
LIN-EQUIP-1066,Industrial Component v1,935.21
LIN-EQUIP-1002,Industrial Component v1,1376.3
LIN-EQUIP-1091,Industrial Component v1,2132.92
LIN-EQUIP-1041,Industrial Component v1,2036.87
LIN-EQUIP-1000,Industrial Component v3,432.76
LIN-EQUIP-1081,[UPDATED] Modified Variant Data,5601.16
LIN-EQUIP-1053,[UPDATED] Modified Variant Data,6629.04
LIN-EQUIP-1009,Industrial Component v1,1492.0
LIN-EQUIP-1022,Industrial Component v3,638.71
LIN-EQUIP-1037,Industrial Component v1,974.52
LIN-EQUIP-1038,Industrial Component v3,1850.02
LIN-EQUIP-1091,[UPDATED] Modified Variant Data,5952.91
LIN-EQUIP-1032,[UPDATED] Modified Variant Data,5884.83
LIN-EQUIP-1071,Industrial Component v4,1369.82
LIN-EQUIP-1075,Industrial Component v5,1875.33
LIN-EQUIP-1050,Industrial Component v2,785.17
LIN-EQUIP-1063,Industrial Component v4,2130.83
LIN-EQUIP-1026,Industrial Component v2,327.22
LIN-EQUIP-1089,Industrial Component v1,737.06
LIN-EQUIP-1071,[UPDATED] Modified Variant Data,6621.01
LIN-EQUIP-1076,[UPDATED] Modified Variant Data,5785.1
LIN-EQUIP-1049,Industrial Component v2,1028.81
LIN-EQUIP-1065,Industrial Component v4,2413.22
LIN-EQUIP-1045,Industrial Component v1,2433.39
LIN-EQUIP-1017,Industrial Component v2,2376.77
LIN-EQUIP-1090,Industrial Component v2,1952.06
LIN-EQUIP-1088,Industrial Component v3,2158.65
LIN-EQUIP-1073,Industrial Component v5,2263.87
LIN-EQUIP-1060,Industrial Component v1,1527.01
LIN-EQUIP-1011,Industrial Component v5,1622.94
LIN-EQUIP-1015,Industrial Component v1,22.01
LIN-EQUIP-1058,Industrial Component v5,396.81
LIN-EQUIP-1082,Industrial Component v3,238.76
LIN-EQUIP-1048,Industrial Component v2,1796.46
LIN-EQUIP-1098,Industrial Component v2,1631.68
LIN-EQUIP-1095,[UPDATED] Modified Variant Data,6282.09
LIN-EQUIP-1039,Industrial Component v2,558.39
LIN-EQUIP-1044,Industrial Component v5,1992.43
LIN-EQUIP-1003,Industrial Component v1,30.93
LIN-EQUIP-1084,Industrial Component v2,601.6
LIN-EQUIP-1059,Industrial Component v2,682.04
LIN-EQUIP-1053,[UPDATED] Modified Variant Data,5590.88
LIN-EQUIP-1051,Industrial Component v3,1688.77
LIN-EQUIP-1036,Industrial Component v1,1331.84
LIN-EQUIP-1035,Industrial Component v4,421.29
LIN-EQUIP-1069,Industrial Component v2,432.97
LIN-EQUIP-1052,Industrial Component v1,306.09
LIN-EQUIP-1027,Industrial Component v4,1912.88
LIN-EQUIP-1032,Industrial Component v3,1593.61
LIN-EQUIP-1081,Industrial Component v5,2007.82
LIN-EQUIP-1016,Industrial Component v1,202.85
LIN-EQUIP-1067,Industrial Component v4,2055.64
LIN-EQUIP-1007,Industrial Component v5,382.13
LIN-EQUIP-1009,[UPDATED] Modified Variant Data,6216.4
LIN-EQUIP-1069,[UPDATED] Modified Variant Data,5909.39
LIN-EQUIP-1087,Industrial Component v4,447.35
LIN-EQUIP-1096,Industrial Component v1,492.88
LIN-EQUIP-1054,Industrial Component v1,2389.15
LIN-EQUIP-1062,Industrial Component v5,363.1
LIN-EQUIP-1046,Industrial Component v5,2415.17
LIN-EQUIP-1064,Industrial Component v5,1180.22
LIN-EQUIP-1091,[UPDATED] Modified Variant Data,5933.84
LIN-EQUIP-1028,Industrial Component v5,502.12
LIN-EQUIP-1042,Industrial Component v5,799.35
LIN-EQUIP-1074,Industrial Component v1,875.48
LIN-EQUIP-1097,Industrial Component v2,413.52
LIN-EQUIP-1037,[UPDATED] Modified Variant Data,7112.07
LIN-EQUIP-1079,Industrial Component v2,127.9
LIN-EQUIP-1072,Industrial Component v1,1942.33
LIN-EQUIP-1030,[UPDATED] Modified Variant Data,6182.72
LIN-EQUIP-1095,Industrial Component v4,1286.95
LIN-EQUIP-1089,[UPDATED] Modified Variant Data,5825.52
LIN-EQUIP-1023,Industrial Component v1,1512.2
LIN-EQUIP-1055,Industrial Component v3,2439.32
LIN-EQUIP-1034,Industrial Component v5,84.94
